{
    "benchmark_times": {
        "borb": {
            "1601.03642": {
                "read": 3.605940341949463
            },
            "1602.06541": {
                "read": 10.627512693405151
            },
            "1707.09725": {
                "read": 109.90205383300781
            },
            "2201.00021": {
                "read": 25.988662481307983
            },
            "2201.00022": {
                "read": 28.096445322036743
            },
            "2201.00029": {
                "read": 6.066420078277588
            },
            "2201.00037": {
                "read": 28.865015745162964
            },
            "2201.00069": {
                "read": 90.66064167022705
            },
            "2201.00151": {
                "read": 2.7745916843414307
            },
            "2201.00178": {
                "read": 27.448899745941162
            },
            "2201.00200": {
                "read": 8.172911643981934
            },
            "2201.00201": {
                "read": 22.615838527679443
            },
            "2201.00214": {
                "read": 204.1466794013977
            },
            "GeoTopo-book": {
                "read": 299.19084572792053
            }
        },
        "pdfium": {
            "1601.03642": {
                "read": 0.02176189422607422
            },
            "1602.06541": {
                "read": 0.05067920684814453
            },
            "1707.09725": {
                "read": 0.17920732498168945
            },
            "2201.00021": {
                "read": 0.04295539855957031
            },
            "2201.00022": {
                "read": 0.03600883483886719
            },
            "2201.00029": {
                "read": 0.021727800369262695
            },
            "2201.00037": {
                "read": 0.10198330879211426
            },
            "2201.00069": {
                "read": 0.04666781425476074
            },
            "2201.00151": {
                "read": 0.14986968040466309
            },
            "2201.00178": {
                "read": 0.04809379577636719
            },
            "2201.00200": {
                "read": 0.03059983253479004
            },
            "2201.00201": {
                "read": 0.033617496490478516
            },
            "2201.00214": {
                "read": 0.4223339557647705
            },
            "GeoTopo-book": {
                "read": 0.2265489101409912
            }
        },
        "pdfminer": {
            "1601.03642": {
                "read": 0.6396737098693848
            },
            "1602.06541": {
                "read": 2.5191280841827393
            },
            "1707.09725": {
                "read": 6.205403566360474
            },
            "2201.00021": {
                "read": 1.6961991786956787
            },
            "2201.00022": {
                "read": 1.5469379425048828
            },
            "2201.00029": {
                "read": 1.1503479480743408
            },
            "2201.00037": {
                "read": 2.8244388103485107
            },
            "2201.00069": {
                "read": 1.3085949420928955
            },
            "2201.00151": {
                "read": 11.638807773590088
            },
            "2201.00178": {
                "read": 1.5977139472961426
            },
            "2201.00200": {
                "read": 1.3124194145202637
            },
            "2201.00201": {
                "read": 1.3594598770141602
            },
            "2201.00214": {
                "read": 40.35537815093994
            },
            "GeoTopo-book": {
                "read": 20.193074941635132
            }
        },
        "pdfplumber": {
            "1601.03642": {
                "read": 0.9119277000427246
            },
            "1602.06541": {
                "read": 2.076245069503784
            },
            "1707.09725": {
                "read": 8.222083330154419
            },
            "2201.00021": {
                "read": 2.422179698944092
            },
            "2201.00022": {
                "read": 1.2917757034301758
            },
            "2201.00029": {
                "read": 1.0254833698272705
            },
            "2201.00037": {
                "read": 3.7613351345062256
            },
            "2201.00069": {
                "read": 2.0464212894439697
            },
            "2201.00151": {
                "read": 14.199949741363525
            },
            "2201.00178": {
                "read": 1.9967751502990723
            },
            "2201.00200": {
                "read": 1.8715872764587402
            },
            "2201.00201": {
                "read": 1.3699226379394531
            },
            "2201.00214": {
                "read": 52.12505626678467
            },
            "GeoTopo-book": {
                "read": 12.709606885910034
            }
        },
        "pdftotext": {
            "1601.03642": {
                "read": 0.03286552429199219
            },
            "1602.06541": {
                "read": 0.08914327621459961
            },
            "1707.09725": {
                "read": 0.6139843463897705
            },
            "2201.00021": {
                "read": 0.06464266777038574
            },
            "2201.00022": {
                "read": 0.06674981117248535
            },
            "2201.00029": {
                "read": 0.027271509170532227
            },
            "2201.00037": {
                "read": 0.19966983795166016
            },
            "2201.00069": {
                "read": 0.17582130432128906
            },
            "2201.00151": {
                "read": 0.24094390869140625
            },
            "2201.00178": {
                "read": 0.11404943466186523
            },
            "2201.00200": {
                "read": 0.051110267639160156
            },
            "2201.00201": {
                "read": 0.0448453426361084
            },
            "2201.00214": {
                "read": 0.6636707782745361
            },
            "GeoTopo-book": {
                "read": 0.8805811405181885
            }
        },
        "pymupdf": {
            "1601.03642": {
                "read": 0.020286083221435547
            },
            "1602.06541": {
                "read": 0.04694390296936035
            },
            "1707.09725": {
                "read": 0.16077899932861328
            },
            "2201.00021": {
                "read": 0.04024386405944824
            },
            "2201.00022": {
                "read": 0.03545570373535156
            },
            "2201.00029": {
                "read": 0.022415637969970703
            },
            "2201.00037": {
                "read": 0.08878922462463379
            },
            "2201.00069": {
                "read": 0.039824724197387695
            },
            "2201.00151": {
                "read": 0.16019654273986816
            },
            "2201.00178": {
                "read": 0.04285907745361328
            },
            "2201.00200": {
                "read": 0.029242515563964844
            },
            "2201.00201": {
                "read": 0.030305147171020508
            },
            "2201.00214": {
                "read": 0.4070563316345215
            },
            "GeoTopo-book": {
                "read": 0.2488384246826172
            }
        },
        "pypdf2": {
            "1601.03642": {
                "read": 0.12400054931640625,
                "watermark": 0.5457901954650879
            },
            "1602.06541": {
                "read": 0.4906802177429199,
                "watermark": 1.55269193649292
            },
            "1707.09725": {
                "read": 1.9434640407562256,
                "watermark": 6.776637554168701
            },
            "2201.00021": {
                "read": 0.3258357048034668,