{
    "benchmark_times": {
        "borb": {
            "1601.03642": {
                "read": 4.211053848266602
            },
            "1602.06541": {
                "read": 11.080334663391113
            },
            "1707.09725": {
                "read": 108.51717233657837
            },
            "2201.00021": {
                "read": 25.827018976211548
            },
            "2201.00022": {
                "read": 29.691683530807495
            },
            "2201.00029": {
                "read": 6.453520774841309
            },
            "2201.00037": {
                "read": 30.18122386932373
            },
            "2201.00069": {
                "read": 93.90010833740234
            },
            "2201.00151": {
                "read": 2.8691389560699463
            },
            "2201.00178": {
                "read": 27.877192497253418
            },
            "2201.00200": {
                "read": 8.42537784576416
            },
            "2201.00201": {
                "read": 22.89400863647461
            },
            "2201.00214": {
                "read": 210.4455647468567
            },
            "GeoTopo-book": {
                "read": 301.1180205345154
            }
        },
        "pdfminer": {
            "1601.03642": {
                "read": 0.978672981262207
            },
            "1602.06541": {
                "read": 2.0442724227905273
            },
            "1707.09725": {
                "read": 8.084883451461792
            },
            "2201.00021": {
                "read": 2.1712586879730225
            },
            "2201.00022": {
                "read": 1.1894786357879639
            },
            "2201.00029": {
                "read": 0.8454451560974121
            },
            "2201.00037": {
                "read": 3.573647975921631
            },
            "2201.00069": {
                "read": 1.9255805015563965
            },
            "2201.00151": {
                "read": 11.73959732055664
            },
            "2201.00178": {
                "read": 1.7525098323822021
            },
            "2201.00200": {
                "read": 1.680682897567749
            },
            "2201.00201": {
                "read": 1.4858293533325195
            },
            "2201.00214": {
                "read": 40.45992732048035
            },
            "GeoTopo-book": {
                "read": 17.597928524017334
            }
        },
        "pdfplumber": {
            "1601.03642": {
                "read": 0.8824231624603271
            },
            "1602.06541": {
                "read": 2.619194746017456
            },
            "1707.09725": {
                "read": 7.091758489608765
            },
            "2201.00021": {
                "read": 2.2090675830841064
            },
            "2201.00022": {
                "read": 1.8738465309143066
            },
            "2201.00029": {
                "read": 1.105541706085205
            },
            "2201.00037": {
                "read": 3.5478575229644775
            },
            "2201.00069": {
                "read": 1.7851533889770508
            },
            "2201.00151": {
                "read": 14.70557427406311
            },
            "2201.00178": {
                "read": 2.1710455417633057
            },
            "2201.00200": {
                "read": 1.7901337146759033
            },
            "2201.00201": {
                "read": 1.458082914352417
            },
            "2201.00214": {
                "read": 55.00870442390442
            },
            "GeoTopo-book": {
                "read": 16.069613695144653
            }
        },
        "pdftotext": {
            "1601.03642": {
                "read": 0.037537336349487305
            },
            "1602.06541": {
                "read": 0.10341072082519531
            },
            "1707.09725": {
                "read": 0.7232155799865723
            },
            "2201.00021": {
                "read": 0.07680773735046387
            },
            "2201.00022": {
                "read": 0.07587480545043945
            },
            "2201.00029": {
                "read": 0.02947711944580078
            },
            "2201.00037": {
                "read": 0.25096940994262695
            },
            "2201.00069": {
                "read": 0.19316601753234863
            },
            "2201.00151": {
                "read": 0.2864394187927246
            },
            "2201.00178": {
                "read": 0.16226553916931152
            },
            "2201.00200": {
                "read": 0.057832956314086914
            },
            "2201.00201": {
                "read": 0.04854393005371094
            },
            "2201.00214": {
                "read": 0.6614654064178467
            },
            "GeoTopo-book": {
                "read": 0.9391157627105713
            }
        },
        "pymupdf": {
            "1601.03642": {
                "read": 0.022246837615966797
            },
            "1602.06541": {
                "read": 0.04804587364196777
            },
            "1707.09725": {
                "read": 0.18333935737609863
            },
            "2201.00021": {
                "read": 0.04190564155578613
            },
            "2201.00022": {
                "read": 0.04950594902038574
            },
            "2201.00029": {
                "read": 0.023457765579223633
            },
            "2201.00037": {
                "read": 0.10353708267211914
            },
            "2201.00069": {
                "read": 0.0399935245513916
            },
            "2201.00151": {
                "read": 0.1784963607788086
            },
            "2201.00178": {
                "read": 0.043990135192871094
            },
            "2201.00200": {
                "read": 0.029976367950439453
            },
            "2201.00201": {
                "read": 0.030883073806762695
            },
            "2201.00214": {
                "read": 0.5099272727966309
            },
            "GeoTopo-book": {
                "read": 0.28958678245544434
            }
        },
        "pypdf2": {
            "1601.03642": {
                "read": 0.12702488899230957
            },
            "1602.06541": {
                "read": 0.4391140937805176,
                "watermark": 1.5634024143218994
            },
            "1707.09725": {
                "read": 1.6023235321044922,
                "watermark": 7.295711994171143
            },
            "2201.00021": {
                "read": 0.24876999855041504,
                "watermark": 1.1745707988739014
            },
            "2201.00022": {
                "read": 0.33333492279052734,
                "watermark": 0.9794049263000488
            },
            "2201.00029": {
                "read": 0.0035593509674072266,
                "watermark": 0.18219232559204102
            },
            "2201.00037": {
                "read": 0.5533149242401123,
                "watermark": 2.244445323944092
            },
            "2201.00069": {
                "read": 0.2732241153717041,
                "watermark": 1.1970288753509521
            },
            "2201.00151": {
                "read": 6.197131633758545,
                "watermark": 16.5305757522583
            },
            "2201.00178": {
                "read": 0.36544156074523926,
                "watermark": 1.204002857208252
            },
            "2201.00200": {
                "read": 0.21785712242126465,
                "watermark": 0.6523189544677734
            },
            "2201.00201": {
                "read": 0.2661299705505371,
                "watermark": 0.8665893077850342
            },
            "2201.00214": {
                "read": 22.43074655532837,
                "watermark": 58.11824893951416
            },