{
    "benchmark_times": {
        "borb": {
            "1601.03642": {
                "read": 4.039686679840088
            },
            "1602.06541": {
                "read": 10.946938276290894
            },
            "1707.09725": {
                "read": 110.11150479316711
            },
            "2201.00021": {
                "read": 26.317482709884644
            },
            "2201.00022": {
                "read": 28.21946692466736
            },
            "2201.00029": {
                "read": 6.273643255233765
            },
            "2201.00037": {
                "read": 29.94057822227478
            },
            "2201.00069": {
                "read": 95.89794111251831
            },
            "2201.00151": {
                "read": 2.9323811531066895
            },
            "2201.00178": {
                "read": 27.34964919090271
            },
            "2201.00200": {
                "read": 8.058865785598755
            },
            "2201.00201": {
                "read": 22.984533548355103
            },
            "2201.00214": {
                "read": 208.85234451293945
            },
            "GeoTopo-book": {
                "read": 301.0452196598053
            }
        },
        "pdfium": {
            "1601.03642": {
                "read": 0.02260112762451172
            },
            "1602.06541": {
                "read": 0.051805973052978516
            },
            "1707.09725": {
                "read": 0.18184280395507812
            },
            "2201.00021": {
                "read": 0.04217338562011719
            },
            "2201.00022": {
                "read": 0.03674578666687012
            },
            "2201.00029": {
                "read": 0.02383565902709961
            },
            "2201.00037": {
                "read": 0.10293364524841309
            },
            "2201.00069": {
                "read": 0.04873371124267578
            },
            "2201.00151": {
                "read": 0.15036749839782715
            },
            "2201.00178": {
                "read": 0.048180580139160156
            },
            "2201.00200": {
                "read": 0.03076934814453125
            },
            "2201.00201": {
                "read": 0.03431272506713867
            },
            "2201.00214": {
                "read": 0.4158914089202881
            },
            "GeoTopo-book": {
                "read": 0.23410654067993164
            }
        },
        "pdfminer": {
            "1601.03642": {
                "read": 0.8787643909454346
            },
            "1602.06541": {
                "read": 1.9779613018035889
            },
            "1707.09725": {
                "read": 8.193912744522095
            },
            "2201.00021": {
                "read": 2.0795512199401855
            },
            "2201.00022": {
                "read": 1.1180288791656494
            },
            "2201.00029": {
                "read": 0.8076753616333008
            },
            "2201.00037": {
                "read": 2.9939591884613037
            },
            "2201.00069": {
                "read": 1.336158275604248
            },
            "2201.00151": {
                "read": 12.027597188949585
            },
            "2201.00178": {
                "read": 1.6143834590911865
            },
            "2201.00200": {
                "read": 1.568871021270752
            },
            "2201.00201": {
                "read": 1.4000918865203857
            },
            "2201.00214": {
                "read": 40.95790076255798
            },
            "GeoTopo-book": {
                "read": 17.885064601898193
            }
        },
        "pdfplumber": {
            "1601.03642": {
                "read": 0.7809219360351562
            },
            "1602.06541": {
                "read": 2.555689573287964
            },
            "1707.09725": {
                "read": 7.1323676109313965
            },
            "2201.00021": {
                "read": 2.1405322551727295
            },
            "2201.00022": {
                "read": 1.7128808498382568
            },
            "2201.00029": {
                "read": 1.048644781112671
            },
            "2201.00037": {
                "read": 3.921844005584717
            },
            "2201.00069": {
                "read": 2.076592206954956
            },
            "2201.00151": {
                "read": 15.32043194770813
            },
            "2201.00178": {
                "read": 1.5327188968658447
            },
            "2201.00200": {
                "read": 1.7007946968078613
            },
            "2201.00201": {
                "read": 1.357971429824829
            },
            "2201.00214": {
                "read": 53.85549545288086
            },
            "GeoTopo-book": {
                "read": 15.950583934783936
            }
        },
        "pdftotext": {
            "1601.03642": {
                "read": 0.033249616622924805
            },
            "1602.06541": {
                "read": 0.08682775497436523
            },
            "1707.09725": {
                "read": 0.6443650722503662
            },
            "2201.00021": {
                "read": 0.06429815292358398
            },
            "2201.00022": {
                "read": 0.06611227989196777
            },
            "2201.00029": {
                "read": 0.02776813507080078
            },
            "2201.00037": {
                "read": 0.20221996307373047
            },
            "2201.00069": {
                "read": 0.15638971328735352
            },
            "2201.00151": {
                "read": 0.24615883827209473
            },
            "2201.00178": {
                "read": 0.11572885513305664
            },
            "2201.00200": {
                "read": 0.0481562614440918
            },
            "2201.00201": {
                "read": 0.04804563522338867
            },
            "2201.00214": {
                "read": 0.7062010765075684
            },
            "GeoTopo-book": {
                "read": 0.8369162082672119
            }
        },
        "pymupdf": {
            "1601.03642": {
                "read": 0.021040678024291992
            },
            "1602.06541": {
                "read": 0.0479731559753418
            },
            "1707.09725": {
                "read": 0.1658639907836914
            },
            "2201.00021": {
                "read": 0.03993535041809082
            },
            "2201.00022": {
                "read": 0.035459041595458984
            },
            "2201.00029": {
                "read": 0.02417731285095215
            },
            "2201.00037": {
                "read": 0.09012484550476074
            },
            "2201.00069": {
                "read": 0.03957557678222656
            },
            "2201.00151": {
                "read": 0.1678004264831543
            },
            "2201.00178": {
                "read": 0.04224514961242676
            },
            "2201.00200": {
                "read": 0.029561996459960938
            },
            "2201.00201": {
                "read": 0.030852317810058594
            },
            "2201.00214": {
                "read": 0.4223027229309082
            },
            "GeoTopo-book": {
                "read": 0.25951528549194336
            }
        },
        "pypdf2": {
            "1601.03642": {
                "read": 0.177931547164917,
                "watermark": 0.4793236255645752
            },
            "1602.06541": {
                "read": 0.5034844875335693,
                "watermark": 1.4592771530151367
            },
            "1707.09725": {
                "read": 1.9838066101074219,
                "watermark": 6.4690797328948975
            },
            "2201.00021": {
                "read": 0.2484896183013916,