{
    "benchmark_times": {
        "borb": {
            "1601.03642": {
                "read": 3.478710889816284
            },
            "1602.06541": {
                "read": 10.695868492126465
            },
            "1707.09725": {
                "read": 111.34184002876282
            },
            "2201.00021": {
                "read": 25.912226676940918
            },
            "2201.00022": {
                "read": 28.58525323867798
            },
            "2201.00029": {
                "read": 6.192181587219238
            },
            "2201.00037": {
                "read": 29.521066188812256
            },
            "2201.00069": {
                "read": 92.87260818481445
            },
            "2201.00151": {
                "read": 2.923762321472168
            },
            "2201.00178": {
                "read": 26.489706993103027
            },
            "2201.00200": {
                "read": 7.984734773635864
            },
            "2201.00201": {
                "read": 22.794574737548828
            },
            "2201.00214": {
                "read": 208.60957598686218
            },
            "GeoTopo-book": {
                "read": 303.00672340393066
            }
        },
        "pdfium": {
            "1601.03642": {
                "read": 0.022846460342407227
            },
            "1602.06541": {
                "read": 0.06338787078857422
            },
            "1707.09725": {
                "read": 0.25937962532043457
            },
            "2201.00021": {
                "read": 0.04457664489746094
            },
            "2201.00022": {
                "read": 0.03960609436035156
            },
            "2201.00029": {
                "read": 0.0203707218170166
            },
            "2201.00037": {
                "read": 0.10732841491699219
            },
            "2201.00069": {
                "read": 0.05700826644897461
            },
            "2201.00151": {
                "read": 0.15162134170532227
            },
            "2201.00178": {
                "read": 0.05579185485839844
            },
            "2201.00200": {
                "read": 0.029985904693603516
            },
            "2201.00201": {
                "read": 0.034445762634277344
            },
            "2201.00214": {
                "read": 2.0789294242858887
            },
            "GeoTopo-book": {
                "read": 0.31180763244628906
            }
        },
        "pdfminer": {
            "1601.03642": {
                "image_extraction": 0.6717076301574707,
                "read": 0.8392853736877441
            },
            "1602.06541": {
                "image_extraction": 2.0252087116241455,
                "read": 2.465616464614868
            },
            "1707.09725": {
                "image_extraction": 30.81181764602661,
                "read": 6.524996280670166
            },
            "2201.00021": {
                "image_extraction": 1.8743855953216553,
                "read": 2.099000930786133
            },
            "2201.00022": {
                "image_extraction": 1.5665028095245361,
                "read": 1.1319553852081299
            },
            "2201.00029": {
                "image_extraction": 0.7822237014770508,
                "read": 0.7951116561889648
            },
            "2201.00037": {
                "image_extraction": 3.524730682373047,
                "read": 2.990083694458008
            },
            "2201.00069": {
                "image_extraction": 1.8674297332763672,
                "read": 1.7910981178283691
            },
            "2201.00151": {
                "image_extraction": 12.727581977844238,
                "read": 11.219797372817993
            },
            "2201.00178": {
                "image_extraction": 2.0913174152374268,
                "read": 1.538329839706421
            },
            "2201.00200": {
                "image_extraction": 1.620755910873413,
                "read": 1.327965259552002
            },
            "2201.00201": {
                "image_extraction": 1.378610610961914,
                "read": 1.0701746940612793
            },
            "2201.00214": {
                "image_extraction": 48.62433123588562,
                "read": 41.248717069625854
            },
            "GeoTopo-book": {
                "image_extraction": 18.323957204818726,
                "read": 20.141566514968872
            }
        },
        "pdfplumber": {
            "1601.03642": {
                "read": 0.8963930606842041
            },
            "1602.06541": {
                "read": 2.4392127990722656
            },
            "1707.09725": {
                "read": 7.99177360534668
            },
            "2201.00021": {
                "read": 2.374591588973999
            },
            "2201.00022": {
                "read": 1.5444130897521973
            },
            "2201.00029": {
                "read": 1.4684996604919434
            },
            "2201.00037": {
                "read": 4.036498546600342
            },
            "2201.00069": {
                "read": 1.8957264423370361
            },
            "2201.00151": {
                "read": 14.501832485198975
            },
            "2201.00178": {
                "read": 1.8106303215026855
            },
            "2201.00200": {
                "read": 1.8566920757293701
            },
            "2201.00201": {
                "read": 1.6316156387329102
            },
            "2201.00214": {
                "read": 54.784212827682495
            },
            "GeoTopo-book": {
                "read": 13.420675992965698
            }
        },
        "pdftotext": {
            "1601.03642": {
                "read": 0.03299880027770996
            },
            "1602.06541": {
                "read": 0.08562588691711426
            },
            "1707.09725": {
                "read": 0.6543967723846436
            },
            "2201.00021": {
                "read": 0.06327986717224121
            },
            "2201.00022": {
                "read": 0.0658419132232666
            },
            "2201.00029": {
                "read": 0.027988433837890625
            },
            "2201.00037": {
                "read": 0.19602108001708984
            },
            "2201.00069": {
                "read": 0.1927330493927002
            },
            "2201.00151": {
                "read": 0.24541354179382324
            },
            "2201.00178": {
                "read": 0.10671877861022949
            },
            "2201.00200": {
                "read": 0.052509307861328125
            },
            "2201.00201": {
                "read": 0.058890342712402344
            },
            "2201.00214": {
                "read": 0.6612434387207031
            },
            "GeoTopo-book": {
                "read": 0.8725438117980957
            }
        },
        "pymupdf": {
            "1601.03642": {
                "image_extraction": 0.002638101577758789,
                "read": 0.021530866622924805
            },
            "1602.06541": {
                "image_extraction": 0.292102575302124,
                "read": 0.05367136001586914
            },
            "1707.09725": {
                "image_extraction": 1.9781956672668457,
                "read": 0.15805554389953613
            },
            "2201.00021": {
                "image_extraction": 0.5968594551086426,
                "read": 0.0433201789855957
            },
            "2201.00022": {
                "image_extraction": 0.30196070671081543,
                "read": 0.03526639938354492
            },
            "2201.00029": {
                "image_extraction": 0.2010056972503662,
                "read": 0.023378849029541016
            },
            "2201.00037": {
                "image_extraction": 0.0017578601837158203,