{
    "benchmark_times": {
        "borb": {
            "1601.03642": {
                "read": 3.820129632949829
            },
            "1602.06541": {
                "read": 11.412371397018433
            },
            "1707.09725": {
                "read": 108.90930438041687
            },
            "2201.00021": {
                "read": 26.520357370376587
            },
            "2201.00022": {
                "read": 28.575328826904297
            },
            "2201.00029": {
                "read": 6.416903972625732
            },
            "2201.00037": {
                "read": 30.061992645263672
            },
            "2201.00069": {
                "read": 95.82271957397461
            },
            "2201.00151": {
                "read": 2.7534027099609375
            },
            "2201.00178": {
                "read": 27.955740928649902
            },
            "2201.00200": {
                "read": 8.874099731445312
            },
            "2201.00201": {
                "read": 23.496243715286255
            },
            "2201.00214": {
                "read": 208.4513680934906
            },
            "GeoTopo-book": {
                "read": 301.456661939621
            }
        },
        "pdfium": {
            "1601.03642": {
                "read": 0.030025482177734375
            },
            "1602.06541": {
                "read": 0.07734513282775879
            },
            "1707.09725": {
                "read": 0.45443296432495117
            },
            "2201.00021": {
                "read": 0.05759572982788086
            },
            "2201.00022": {
                "read": 0.06215667724609375
            },
            "2201.00029": {
                "read": 0.02251720428466797
            },
            "2201.00037": {
                "read": 0.18416786193847656
            },
            "2201.00069": {
                "read": 0.0887899398803711
            },
            "2201.00151": {
                "read": 0.17240643501281738
            },
            "2201.00178": {
                "read": 0.09257268905639648
            },
            "2201.00200": {
                "read": 0.0360105037689209
            },
            "2201.00201": {
                "read": 0.04513359069824219
            },
            "2201.00214": {
                "read": 0.4775428771972656
            },
            "GeoTopo-book": {
                "read": 0.5813744068145752
            }
        },
        "pdfminer": {
            "1601.03642": {
                "read": 0.7158403396606445
            },
            "1602.06541": {
                "read": 2.007622241973877
            },
            "1707.09725": {
                "read": 8.376119375228882
            },
            "2201.00021": {
                "read": 1.6963679790496826
            },
            "2201.00022": {
                "read": 1.6427264213562012
            },
            "2201.00029": {
                "read": 1.1966099739074707
            },
            "2201.00037": {
                "read": 3.5088112354278564
            },
            "2201.00069": {
                "read": 1.3302233219146729
            },
            "2201.00151": {
                "read": 10.926354169845581
            },
            "2201.00178": {
                "read": 2.094313621520996
            },
            "2201.00200": {
                "read": 1.6073496341705322
            },
            "2201.00201": {
                "read": 1.488483190536499
            },
            "2201.00214": {
                "read": 41.703595876693726
            },
            "GeoTopo-book": {
                "read": 20.82222890853882
            }
        },
        "pdfplumber": {
            "1601.03642": {
                "read": 1.1034679412841797
            },
            "1602.06541": {
                "read": 3.007659912109375
            },
            "1707.09725": {
                "read": 8.033199310302734
            },
            "2201.00021": {
                "read": 2.7304422855377197
            },
            "2201.00022": {
                "read": 1.5718412399291992
            },
            "2201.00029": {
                "read": 1.1454837322235107
            },
            "2201.00037": {
                "read": 4.18752121925354
            },
            "2201.00069": {
                "read": 2.2803750038146973
            },
            "2201.00151": {
                "read": 14.141100645065308
            },
            "2201.00178": {
                "read": 1.7646379470825195
            },
            "2201.00200": {
                "read": 1.9218037128448486
            },
            "2201.00201": {
                "read": 1.5583350658416748
            },
            "2201.00214": {
                "read": 53.70650243759155
            },
            "GeoTopo-book": {
                "read": 13.520142555236816
            }
        },
        "pdftotext": {
            "1601.03642": {
                "read": 0.034775495529174805
            },
            "1602.06541": {
                "read": 0.08482933044433594
            },
            "1707.09725": {
                "read": 0.7750382423400879
            },
            "2201.00021": {
                "read": 0.09425759315490723
            },
            "2201.00022": {
                "read": 0.06955313682556152
            },
            "2201.00029": {
                "read": 0.027972698211669922
            },
            "2201.00037": {
                "read": 0.2847766876220703
            },
            "2201.00069": {
                "read": 0.1567835807800293
            },
            "2201.00151": {
                "read": 0.26012563705444336
            },
            "2201.00178": {
                "read": 0.1197044849395752
            },
            "2201.00200": {
                "read": 0.054518938064575195
            },
            "2201.00201": {
                "read": 0.04613637924194336
            },
            "2201.00214": {
                "read": 0.6939535140991211
            },
            "GeoTopo-book": {
                "read": 0.9019126892089844
            }
        },
        "pymupdf": {
            "1601.03642": {
                "read": 0.021236896514892578
            },
            "1602.06541": {
                "read": 0.04923844337463379
            },
            "1707.09725": {
                "read": 0.18419218063354492
            },
            "2201.00021": {
                "read": 0.0506289005279541
            },
            "2201.00022": {
                "read": 0.03642082214355469
            },
            "2201.00029": {
                "read": 0.023745298385620117
            },
            "2201.00037": {
                "read": 0.10241866111755371
            },
            "2201.00069": {
                "read": 0.04053354263305664
            },
            "2201.00151": {
                "read": 0.21468496322631836
            },
            "2201.00178": {
                "read": 0.043529510498046875
            },
            "2201.00200": {
                "read": 0.03151369094848633
            },
            "2201.00201": {
                "read": 0.03332996368408203
            },
            "2201.00214": {
                "read": 0.41216444969177246
            },
            "GeoTopo-book": {
                "read": 0.24680590629577637
            }
        },
        "pypdf2": {
            "1601.03642": {
                "read": 0.13181662559509277
            },
            "1602.06541": {
                "read": 0.44907617568969727,
                "watermark": 1.4312434196472168
            },
            "1707.09725": {
                "read": 1.632399320602417,
                "watermark": 6.472326278686523
            },
            "2201.00021": {
                "read": 0.744328498840332,
                "watermark": 0.911888599395752
            },