{
    "benchmark_times": {
        "borb": {
            "1601.03642": {
                "read": 3.5850489139556885
            },
            "1602.06541": {
                "read": 10.641656398773193
            },
            "1707.09725": {
                "read": 106.11858606338501
            },
            "2201.00021": {
                "read": 24.562003135681152
            },
            "2201.00022": {
                "read": 28.386529207229614
            },
            "2201.00029": {
                "read": 6.160531759262085
            },
            "2201.00037": {
                "read": 30.959261894226074
            },
            "2201.00069": {
                "read": 83.76784372329712
            },
            "2201.00151": {
                "read": 3.0734875202178955
            },
            "2201.00178": {
                "read": 27.16051936149597
            },
            "2201.00200": {
                "read": 8.160333156585693
            },
            "2201.00201": {
                "read": 22.060328722000122
            },
            "2201.00214": {
                "read": 193.83671689033508
            },
            "GeoTopo-book": {
                "read": 324.7040071487427
            }
        },
        "pdfium": {
            "1601.03642": {
                "read": 0.024673938751220703
            },
            "1602.06541": {
                "read": 0.05859661102294922
            },
            "1707.09725": {
                "read": 0.3070192337036133
            },
            "2201.00021": {
                "read": 0.04989981651306152
            },
            "2201.00022": {
                "read": 0.04369306564331055
            },
            "2201.00029": {
                "read": 0.023175477981567383
            },
            "2201.00037": {
                "read": 0.11825227737426758
            },
            "2201.00069": {
                "read": 0.06213665008544922
            },
            "2201.00151": {
                "read": 0.17276239395141602
            },
            "2201.00178": {
                "read": 0.05881834030151367
            },
            "2201.00200": {
                "read": 0.03274726867675781
            },
            "2201.00201": {
                "read": 0.04313826560974121
            },
            "2201.00214": {
                "read": 0.5347082614898682
            },
            "GeoTopo-book": {
                "read": 0.350844144821167
            }
        },
        "pdfminer": {
            "1601.03642": {
                "image_extraction": 0.7459490299224854,
                "read": 0.5003335475921631
            },
            "1602.06541": {
                "image_extraction": 1.5157251358032227,
                "read": 2.067441701889038
            },
            "1707.09725": {
                "image_extraction": 26.850122690200806,
                "read": 4.811263799667358
            },
            "2201.00021": {
                "image_extraction": 1.8121306896209717,
                "read": 1.1865906715393066
            },
            "2201.00022": {
                "image_extraction": 1.4885179996490479,
                "read": 0.8032450675964355
            },
            "2201.00029": {
                "image_extraction": 0.537013053894043,
                "read": 0.5367047786712646
            },
            "2201.00037": {
                "image_extraction": 2.126793384552002,
                "read": 2.127988338470459
            },
            "2201.00069": {
                "image_extraction": 1.5053138732910156,
                "read": 0.9732351303100586
            },
            "2201.00151": {
                "image_extraction": 9.407619953155518,
                "read": 7.816899538040161
            },
            "2201.00178": {
                "image_extraction": 1.948791265487671,
                "read": 1.2272186279296875
            },
            "2201.00200": {
                "image_extraction": 0.9935522079467773,
                "read": 1.2623558044433594
            },
            "2201.00201": {
                "image_extraction": 0.8536167144775391,
                "read": 0.7983460426330566
            },
            "2201.00214": {
                "image_extraction": 32.699408769607544,
                "read": 25.742108583450317
            },
            "GeoTopo-book": {
                "image_extraction": 17.178436756134033,
                "read": 13.170029640197754
            }
        },
        "pdfplumber": {
            "1601.03642": {
                "read": 0.7640750408172607
            },
            "1602.06541": {
                "read": 2.076617479324341
            },
            "1707.09725": {
                "read": 6.882741451263428
            },
            "2201.00021": {
                "read": 1.938605546951294
            },
            "2201.00022": {
                "read": 1.2897732257843018
            },
            "2201.00029": {
                "read": 0.8331594467163086
            },
            "2201.00037": {
                "read": 3.9676151275634766
            },
            "2201.00069": {
                "read": 2.2156214714050293
            },
            "2201.00151": {
                "read": 11.342295408248901
            },
            "2201.00178": {
                "read": 1.5234339237213135
            },
            "2201.00200": {
                "read": 1.5907402038574219
            },
            "2201.00201": {
                "read": 1.7770791053771973
            },
            "2201.00214": {
                "read": 42.021162271499634
            },
            "GeoTopo-book": {
                "read": 9.721073627471924
            }
        },
        "pdftotext": {
            "1601.03642": {
                "read": 0.03917860984802246
            },
            "1602.06541": {
                "read": 0.10106277465820312
            },
            "1707.09725": {
                "read": 0.7239170074462891
            },
            "2201.00021": {
                "read": 0.07514166831970215
            },
            "2201.00022": {
                "read": 0.07392621040344238
            },
            "2201.00029": {
                "read": 0.03206181526184082
            },
            "2201.00037": {
                "read": 0.2263200283050537
            },
            "2201.00069": {
                "read": 0.22533416748046875
            },
            "2201.00151": {
                "read": 0.2569701671600342
            },
            "2201.00178": {
                "read": 0.1281905174255371
            },
            "2201.00200": {
                "read": 0.05489635467529297
            },
            "2201.00201": {
                "read": 0.05156254768371582
            },
            "2201.00214": {
                "read": 0.714531660079956
            },
            "GeoTopo-book": {
                "read": 0.9542243480682373
            }
        },
        "pymupdf": {
            "1601.03642": {
                "image_extraction": 0.0025053024291992188,
                "read": 0.02205944061279297
            },
            "1602.06541": {
                "image_extraction": 0.08723139762878418,
                "read": 0.0491185188293457
            },
            "1707.09725": {
                "image_extraction": 1.6852383613586426,
                "read": 0.16634702682495117
            },
            "2201.00021": {
                "image_extraction": 0.4534449577331543,
                "read": 0.04046487808227539
            },
            "2201.00022": {
                "image_extraction": 0.27840685844421387,
                "read": 0.03631997108459473
            },
            "2201.00029": {
                "image_extraction": 0.20299243927001953,
                "read": 0.023630380630493164
            },
            "2201.00037": {
                "image_extraction": 0.00173187255859375,