{
    "benchmark_times": {
        "borb": {
            "1601.03642": {
                "read": 4.06449294090271
            },
            "1602.06541": {
                "read": 10.648253440856934
            },
            "1707.09725": {
                "read": 114.76528525352478
            },
            "2201.00021": {
                "read": 27.124497652053833
            },
            "2201.00022": {
                "read": 28.29103374481201
            },
            "2201.00029": {
                "read": 6.545724868774414
            },
            "2201.00037": {
                "read": 31.492697715759277
            },
            "2201.00069": {
                "read": 93.00532364845276
            },
            "2201.00151": {
                "read": 3.0670766830444336
            },
            "2201.00178": {
                "read": 27.565304279327393
            },
            "2201.00200": {
                "read": 8.105208158493042
            },
            "2201.00201": {
                "read": 22.51449942588806
            },
            "2201.00214": {
                "read": 205.5633065700531
            },
            "GeoTopo-book": {
                "read": 309.60521173477173
            }
        },
        "pdfium": {
            "1601.03642": {
                "read": 0.022897720336914062
            },
            "1602.06541": {
                "read": 0.051100730895996094
            },
            "1707.09725": {
                "read": 0.18047881126403809
            },
            "2201.00021": {
                "read": 0.05417203903198242
            },
            "2201.00022": {
                "read": 0.03488278388977051
            },
            "2201.00029": {
                "read": 0.02143716812133789
            },
            "2201.00037": {
                "read": 0.11764383316040039
            },
            "2201.00069": {
                "read": 0.04653429985046387
            },
            "2201.00151": {
                "read": 0.15523219108581543
            },
            "2201.00178": {
                "read": 0.046346426010131836
            },
            "2201.00200": {
                "read": 0.030478239059448242
            },
            "2201.00201": {
                "read": 0.03333258628845215
            },
            "2201.00214": {
                "read": 0.4272792339324951
            },
            "GeoTopo-book": {
                "read": 0.23481249809265137
            }
        },
        "pdfminer": {
            "1601.03642": {
                "read": 0.8816730976104736
            },
            "1602.06541": {
                "read": 1.8490965366363525
            },
            "1707.09725": {
                "read": 6.638414144515991
            },
            "2201.00021": {
                "read": 2.296469211578369
            },
            "2201.00022": {
                "read": 1.0599229335784912
            },
            "2201.00029": {
                "read": 0.7667405605316162
            },
            "2201.00037": {
                "read": 3.294353485107422
            },
            "2201.00069": {
                "read": 1.769446849822998
            },
            "2201.00151": {
                "read": 11.653773069381714
            },
            "2201.00178": {
                "read": 1.5655975341796875
            },
            "2201.00200": {
                "read": 1.5410561561584473
            },
            "2201.00201": {
                "read": 1.3194794654846191
            },
            "2201.00214": {
                "read": 41.02764630317688
            },
            "GeoTopo-book": {
                "read": 21.206350564956665
            }
        },
        "pdfplumber": {
            "1601.03642": {
                "read": 0.8132147789001465
            },
            "1602.06541": {
                "read": 2.4329843521118164
            },
            "1707.09725": {
                "read": 8.390525341033936
            },
            "2201.00021": {
                "read": 2.3789494037628174
            },
            "2201.00022": {
                "read": 1.6531972885131836
            },
            "2201.00029": {
                "read": 1.007002592086792
            },
            "2201.00037": {
                "read": 4.417806386947632
            },
            "2201.00069": {
                "read": 1.6217586994171143
            },
            "2201.00151": {
                "read": 16.14356565475464
            },
            "2201.00178": {
                "read": 2.022226333618164
            },
            "2201.00200": {
                "read": 1.6816034317016602
            },
            "2201.00201": {
                "read": 1.369023084640503
            },
            "2201.00214": {
                "read": 54.711719274520874
            },
            "GeoTopo-book": {
                "read": 13.259533166885376
            }
        },
        "pdftotext": {
            "1601.03642": {
                "read": 0.03308677673339844
            },
            "1602.06541": {
                "read": 0.08360743522644043
            },
            "1707.09725": {
                "read": 0.6768853664398193
            },
            "2201.00021": {
                "read": 0.07566547393798828
            },
            "2201.00022": {
                "read": 0.06646037101745605
            },
            "2201.00029": {
                "read": 0.027874231338500977
            },
            "2201.00037": {
                "read": 0.232069730758667
            },
            "2201.00069": {
                "read": 0.14809966087341309
            },
            "2201.00151": {
                "read": 0.24992728233337402
            },
            "2201.00178": {
                "read": 0.10779762268066406
            },
            "2201.00200": {
                "read": 0.04836320877075195
            },
            "2201.00201": {
                "read": 0.04498577117919922
            },
            "2201.00214": {
                "read": 0.6741533279418945
            },
            "GeoTopo-book": {
                "read": 0.8958086967468262
            }
        },
        "pymupdf": {
            "1601.03642": {
                "read": 0.02101588249206543
            },
            "1602.06541": {
                "read": 0.04560422897338867
            },
            "1707.09725": {
                "read": 0.1665666103363037
            },
            "2201.00021": {
                "read": 0.04576444625854492
            },
            "2201.00022": {
                "read": 0.036406755447387695
            },
            "2201.00029": {
                "read": 0.022635459899902344
            },
            "2201.00037": {
                "read": 0.10353326797485352
            },
            "2201.00069": {
                "read": 0.03934907913208008
            },
            "2201.00151": {
                "read": 0.16767621040344238
            },
            "2201.00178": {
                "read": 0.04163813591003418
            },
            "2201.00200": {
                "read": 0.02877020835876465
            },
            "2201.00201": {
                "read": 0.030243635177612305
            },
            "2201.00214": {
                "read": 0.3965907096862793
            },
            "GeoTopo-book": {
                "read": 0.26032519340515137
            }
        },
        "pypdf2": {
            "1601.03642": {
                "read": 0.13276433944702148,
                "watermark": 0.5886201858520508
            },
            "1602.06541": {
                "read": 0.38634586334228516,
                "watermark": 1.6554603576660156
            },
            "1707.09725": {
                "read": 1.662165641784668,
                "watermark": 7.271409511566162
            },
            "2201.00021": {
                "read": 0.2756669521331787,