{
    "benchmark_times": {
        "borb": {
            "1601.03642": {
                "read": 3.6996452808380127
            },
            "1602.06541": {
                "read": 11.176353931427002
            },
            "1707.09725": {
                "read": 108.89177632331848
            },
            "2201.00021": {
                "read": 24.76167106628418
            },
            "2201.00022": {
                "read": 28.080142498016357
            },
            "2201.00029": {
                "read": 6.240250110626221
            },
            "2201.00037": {
                "read": 30.465621948242188
            },
            "2201.00069": {
                "read": 91.79698824882507
            },
            "2201.00151": {
                "read": 2.8559393882751465
            },
            "2201.00178": {
                "read": 27.14972233772278
            },
            "2201.00200": {
                "read": 8.322509050369263
            },
            "2201.00201": {
                "read": 23.346466302871704
            },
            "2201.00214": {
                "read": 206.48360633850098
            },
            "GeoTopo-book": {
                "read": 301.97174620628357
            }
        },
        "pdfium": {
            "1601.03642": {
                "read": 0.03242754936218262
            },
            "1602.06541": {
                "read": 0.08066630363464355
            },
            "1707.09725": {
                "read": 0.5302951335906982
            },
            "2201.00021": {
                "read": 0.05930781364440918
            },
            "2201.00022": {
                "read": 0.06413626670837402
            },
            "2201.00029": {
                "read": 0.02521800994873047
            },
            "2201.00037": {
                "read": 0.18489718437194824
            },
            "2201.00069": {
                "read": 0.09776902198791504
            },
            "2201.00151": {
                "read": 0.1819314956665039
            },
            "2201.00178": {
                "read": 0.09077787399291992
            },
            "2201.00200": {
                "read": 0.039333343505859375
            },
            "2201.00201": {
                "read": 0.05370306968688965
            },
            "2201.00214": {
                "read": 1.6701359748840332
            },
            "GeoTopo-book": {
                "read": 0.602520227432251
            }
        },
        "pdfminer": {
            "1601.03642": {
                "image_extraction": 0.8797569274902344,
                "read": 0.7128257751464844
            },
            "1602.06541": {
                "image_extraction": 2.5334322452545166,
                "read": 2.0216591358184814
            },
            "1707.09725": {
                "image_extraction": 30.32268214225769,
                "read": 6.595973968505859
            },
            "2201.00021": {
                "image_extraction": 1.8748154640197754,
                "read": 2.118651866912842
            },
            "2201.00022": {
                "image_extraction": 1.6799705028533936,
                "read": 1.138331651687622
            },
            "2201.00029": {
                "image_extraction": 1.2317335605621338,
                "read": 0.7744078636169434
            },
            "2201.00037": {
                "image_extraction": 3.185159921646118,
                "read": 3.5610690116882324
            },
            "2201.00069": {
                "image_extraction": 1.8123087882995605,
                "read": 1.863110065460205
            },
            "2201.00151": {
                "image_extraction": 13.034184455871582,
                "read": 11.4845130443573
            },
            "2201.00178": {
                "image_extraction": 1.7362406253814697,
                "read": 2.1435017585754395
            },
            "2201.00200": {
                "image_extraction": 1.6685945987701416,
                "read": 1.372737169265747
            },
            "2201.00201": {
                "image_extraction": 1.4606821537017822,
                "read": 1.2302923202514648
            },
            "2201.00214": {
                "image_extraction": 47.44041299819946,
                "read": 42.79029870033264
            },
            "GeoTopo-book": {
                "image_extraction": 21.700126886367798,
                "read": 17.414721965789795
            }
        },
        "pdfplumber": {
            "1601.03642": {
                "read": 0.963803768157959
            },
            "1602.06541": {
                "read": 2.542539119720459
            },
            "1707.09725": {
                "read": 8.13052225112915
            },
            "2201.00021": {
                "read": 2.344804286956787
            },
            "2201.00022": {
                "read": 1.5465500354766846
            },
            "2201.00029": {
                "read": 1.1690025329589844
            },
            "2201.00037": {
                "read": 4.133569002151489
            },
            "2201.00069": {
                "read": 1.9285924434661865
            },
            "2201.00151": {
                "read": 14.851458549499512
            },
            "2201.00178": {
                "read": 1.832292079925537
            },
            "2201.00200": {
                "read": 1.9534912109375
            },
            "2201.00201": {
                "read": 1.6062593460083008
            },
            "2201.00214": {
                "read": 55.07826519012451
            },
            "GeoTopo-book": {
                "read": 13.236204385757446
            }
        },
        "pdftotext": {
            "1601.03642": {
                "read": 0.036116838455200195
            },
            "1602.06541": {
                "read": 0.08486437797546387
            },
            "1707.09725": {
                "read": 0.6300263404846191
            },
            "2201.00021": {
                "read": 0.06458616256713867
            },
            "2201.00022": {
                "read": 0.066925048828125
            },
            "2201.00029": {
                "read": 0.028133392333984375
            },
            "2201.00037": {
                "read": 0.19764018058776855
            },
            "2201.00069": {
                "read": 0.19288420677185059
            },
            "2201.00151": {
                "read": 0.24081730842590332
            },
            "2201.00178": {
                "read": 0.10941433906555176
            },
            "2201.00200": {
                "read": 0.05005955696105957
            },
            "2201.00201": {
                "read": 0.04610872268676758
            },
            "2201.00214": {
                "read": 0.733649492263794
            },
            "GeoTopo-book": {
                "read": 0.8702027797698975
            }
        },
        "pymupdf": {
            "1601.03642": {
                "read": 0.023816347122192383
            },
            "1602.06541": {
                "read": 0.04667043685913086
            },
            "1707.09725": {
                "read": 0.15898871421813965
            },
            "2201.00021": {
                "read": 0.03861069679260254
            },
            "2201.00022": {
                "read": 0.035291433334350586
            },
            "2201.00029": {
                "read": 0.025844573974609375
            },
            "2201.00037": {
                "read": 0.08555817604064941
            },
            "2201.00069": {
                "read": 0.03763866424560547
            },
            "2201.00151": {
                "read": 0.17515087127685547
            },
            "2201.00178": {
                "read": 0.04166412353515625
            },
            "2201.00200": {
                "read": 0.0290071964263916
            },